2,author,"Matt Wolfson",4,
3,author,"Stefan Castellanos",5,
4,author,"Abe Cass",6,
5,author,"Nick Hubbard",7,
6,author,"Alan Mitchell",8,
7,author,"Elizabeth Kokemoor",10,
8,author,"Arthi Padmanabhan",12,
9,author,"Alex Antonoplis",13,
10,author,"Max Lebo",14,
11,author,"Max Coyle",15,
12,author,"Sarah Tuggy",16,
13,author,"Lauren Moon",17,
14,author,"Terri Martin",18,
15,author,"Charlotte Dohrn",19,
16,author,"Vincent Giannotti",20,
17,author,"Sam Lind",21,
18,author,"Charlie Enscoe",22,
19,author,"Zack Mirman",23,
20,author,"Luca Rojas",24,
21,author,"Pedro Salinas",25,
22,author,"Trevor Felch",26,
23,author,"Marnie Hogue",27,
24,author,"Steph Saxton",28,
25,author,"Andrew Hong",29,
26,author,"Sophie Forman",30,
27,author,"Leslie Canter",33,
28,author,"Nathan Wilairat",35,
29,author,"Andrew Hong",39,
30,author,"Guy Stevens",41,
31,author,"Jayci Spivey",43,
32,author,"Sumaiya Hashmi",44,
33,author,"Natalie Orenstein",45,
34,author,"Jamie Goldberg",46,
35,author,"Jeff Levere",50,
36,author,"Claire Mullen",51,
37,author,"Stephanie Liu",53,
38,author,"Tender Buttons",54,
39,author,"Editorial Board",55,
40,author,"Anna Pan",57,
41,author,"Wylie Rush",58,
42,author,"Julio Sharp-Wasserman",59,
43,author,"David Loftus",60,
44,author,"Ashvin Gandhi",61,
45,author,"Jack Knauer",62,
46,author,"Sam Gordon",63,
47,author,"Jay Chung",64,
48,author,"James Muller",65,
49,author,"Stephanie Almeida",66,
50,author,"Alice Lyons",67,
51,author,"Ramsay Bernard",68,
52,author,"Brendan Rowan",69,
53,author,"Kevin Seefried",70,
54,author,"Mike Opal",72,
55,author,"Ramsey Bernard",86,
56,author,"Abigail Jones",87,
57,author,"Michael O'Shea",88,
58,author,"Megan Lewis",90,
59,author,"Kirk Vandergrift",92,
60,author,"Peter Chinman",93,
61,author,"Alison Frost",94,
62,author,"Aneesa Andrabi",95,
63,author,"Sam Blomberg",96,
64,author,"Paul Balmer",148,
65,author,"John Thomason",31,
66,author,"Hunter Reardon",97,
67,author,"Nathan Jefferson",98,
68,author,"Jennifer Hebein",99,
69,author,"Elise Young",100,
70,author,"Ryan Stewart",101,
71,author,"Jordy Bank",103,
72,author,"Chuck Herman",104,
73,author,"Sam Abrams",105,
74,author,"Luke Willert",106,
75,author,"Colin Flynn",107,
76,author,"Alex Ma",108,
77,author,"Jenny McCartney",109,
78,author,"Karin Denton",110,
79,author,"Jessie Welcomer",111,
80,author,"Rachel Grate",112,
81,author,"Wes Haas ",113,
82,author,"Loren Hinton",47,
83,author,"Madeleine Roy",114,
84,author,"Camille Scheidt",115,
85,author,"Miller Williams",116,
86,author,"Claire Pershan",117,
87,author,"Tara Krishna",118,
88,author,"James Gordon",119,
89,author,"Michelle Guan",120,
90,author,"Jared Kalow ",122,
91,author,"Daniela Meza",123,
92,author,"Graham Bishop",124,
93,author,"Manya Janowitz",125,
94,author,"Chelsea Thompson",126,
95,author,"Jordan Cohen",1,
96,author,"John Holler",2,
97,author,"Michael Ceragioli",128,
98,author,"Nate Brown",127,
99,author,"Lea Bejtovic",129,
100,author,"Niyati Shenoy",130,
101,author,"Elisabeth Pfeiffer",102,
102,author,"Justine Selsing",38,
103,author,"Tim Taylor",132,
104,author,"Calamitous Jayne",133,
105,author,"Lexie Kelly Wainwright",131,
106,author,"Rebecca Potts",134,
107,author,"Karen Herrera",135,
108,author,"Melissa Russell",136,
109,author,"Jessica Osorio",137,
110,author,"Carrie Wu",138,
111,author,"Will Mullaney",139,
112,author,"Matt Helm",140,
113,author,"Nathan Tollett",141,
114,author,"Ryan Miller",11,
115,author,"Ima B. Frank",142,
116,author,"Samuel Holden",143,
117,author,"Carrie Henderson",144,
118,author,"Zach Schudson",145,
119,author,"Josh Brewer",146,
120,author,"Nick Gebbia",147,
121,author,"Nicolas Nanez",149,
122,author,"Laura Epstein",150,
123,author,"Sam Holden",151,
124,author,"Bryn Launer",152,
125,author,"Michelle No",153,
126,author,"Kathleen Shea",154,
127,author,"Will Gamber",155,
128,author,"Nick Lawson",89,
129,author,"Rae Picher",156,
130,author,"Corin Hamilton",157,
131,author,"Holly Duncan",158,
132,author,"Shelley Chestler",159,
133,author,"Danny Carlton",160,
134,author,"Nicholas Clute-Reinig",161,
135,author,"Chrysanthe Oltmann",162,
136,author,"Abe McKay",164,
137,author,"Jenny Phillips",165,
138,author,"Alex Genty-Waksberg",166,
139,author,"Julia Austenfeld",167,
140,author,"Evan Preston",168,
141,author,"Wendy Lovinger",169,
142,author,"Frank Langan",170,
143,author,"Julius Taranto",171,
144,author,"John Breeding",172,
145,author,"Jessica Pena",174,
146,author,"Ari Filip",175,
147,author,"Nathan Schauer",36,
148,author,"Rohitashwa Bagaria",91,
149,author,"Janet Ma",40,
150,author,"Liz Crumpacker",48,
151,author,"Hannah Shoenhard",34,
152,author,"Jessica Stoneman",32,
153,author,"Michael Weil",9,
154,author,"Kara Freedman",121,
155,author,"Anna Petkovich",173,
156,author,"Michael Maltese",49,
157,author,"Jeff Zalesin",42,
158,author,"Emma Foehringer Merchant",52,
159,author,"Maya Booth",56,
160,author,"Toby Hollis",37,
161,author,"Willy Frick",176,
162,author,"Nicole Redford",177,
163,author,"Nikki Redford",178,
164,author,"Michael Teter",179,
165,author,ASPC,180,
166,author,"Sarah Applebaum",181,
167,author,"Marketa Lindt",183,
168,author,"Ronald C. Cohen",184,
169,author,"Isabel Juarez",185,
170,author,"Andrew Davis Saul",186,
171,author,"Tracy Zhao",187,
172,author,"Ian Gallogly",163,
173,author,"Jamie Goldberg",188,
174,author,"Rio Bauce",189,
175,author,"The Student Life Staff",190,
176,author,"Editorial Board",191,
177,author,"Emily Radler",192,
178,author,"Samantha Jones",193,
179,author,"Justin Royal",194,
180,author,"Leah Steuer",195,
181,author,"Justine Selsing",196,
182,author,"Savina Velkova",197,
183,author,"Ali Standish",198,
184,author,"Pooja Paul",199,
185,author,"Becky Scott",200,
186,author,"Jenny McCartney",201,
187,author,"Heidi Hong",202,
188,author,"Steve Hochman",203,
189,author,"Alexander Rudy",204,
190,author,"Torrey Olson",205,
191,author,"Alex Goldman",206,
192,author,"Edward La Cava",207,
193,author,"Max Mullen",208,
194,author,"Ned Schooler",209,
195,author,"Aaron Hosansky",210,
196,author,"The Student Life",211,
197,author,"Matt Wolfson",212,
198,author,"Erik Lykken",213,
199,author,"John Holler",214,
200,author,"Evan Preston",215,
201,author,"Greg Zahner",216,
202,author,"Emily Miner",217,
203,author,"Melanie Fox",218,
204,author,"Jordan Cohen",219,
205,author,"Travis Kaya",220,
206,author,"Lisa Dusenbery",221,
207,author,"Alexa Teevens",222,
208,author,"Rylan Stewart",223,
209,author,"Nick Hubbard",224,
210,author,"Ed Schooler",225,
211,author,"Katie Gosewehr",226,
212,author,"Mallory Smith",227,
213,author,"Ike Potter",228,
214,author,"Ramsey Bernard",229,
215,author,"Alex Ronan",230,
216,author,"Rebecca Golden",231,
217,author,"Neil Gerard",232,
218,author,"Janet Ma",233,
219,author,"Alan Mitchell",234,
220,author,"Andrea Kretchmer",235,
221,author,"Team the Man IV",236,
222,author,"Samantha Alvarez",237,
223,author,"Trevor Felch",238,
224,author,"Nathaniel Spielberg",239,
225,author,"Nick Gerber",240,
226,author,"Tammy Zhu",241,
227,author,"Ben Conway",242,
228,author,"Daniel Oppenheimer",243,
229,author,"Rachel Smith",244,
230,author,"Emily Hanna",246,
231,author,"Anderson Wright",247,
232,author,"Rachel Hamburg",248,
233,author,"Cindy Hernandez",249,
234,author,"Ann Mayhew",250,
235,author,"Deepika Ghose",251,
236,author,Anonymous,252,
237,author,"James Campbell",253,
238,author,"Cole Cradduck",254,
239,author,"Natalie Orenstein",255,
240,author,"Michelle No",256,
241,author,"Nick Frederick",257,
242,author,"Brian Gillis",258,
243,author,"Noah Sneider",259,
244,author,"Eric Owen",260,
245,author,"Julia Gibas-Jones",261,
246,author,"Sam Knowles",262,
247,author,"Lauri Valerio",263,
248,author,"Eliot Adams",264,
249,author,"Toby Hollis",265,
250,author,"Dane Brodke",266,
251,author,"Ben Coppersmith",267,
252,author,"Amy Brownstein",268,
253,author,"Dan Campbell",269,
254,author,"Dalar Nazarian",270,
255,author,"Luke Willert",271,
256,author,"Markham Shofner",272,
257,author,"Leila Zahedi",273,
258,author,"Nicholas Tyack",274,
259,author,"Vivian Chou",275,
260,author,"Kathryn West",276,
261,author,"Kaitlyn Casimo",277,
262,author,"Hsuanwei Fan",278,
263,author,"Josh Nomkin",279,
264,author,"Alyssa Morris",280,
265,author,"Cole Craddock",281,
266,author,"Ilana Ross",282,
267,author,"Anna Joseph",283,
268,author,"Max Lebo",284,
269,author,"Emily Brotman",285,
270,author,"Claire Berkman",286,
271,author,"Katie Cettie",287,
272,author,"John Maidman",288,
273,author,"John Thomason",289,
274,author,"Siobhan Alexander",290,
275,author,"Alvin Sangsuwangul",291,
276,author,"Adam Chung",292,
277,author,"Head Sponsors",293,
278,author,"Miriam Feldblum",294,
279,author,"Dean Feldblum",295,
280,author,"Alan Fiedorek",296,
281,author,"Nathan Barnett",297,
282,author,"Jamie Hall",298,
283,author,"Ben Cheney",299,
284,author,"Teresa Diviacchi",300,
285,author,"Alex Garver",301,
286,author,"Charles Johnson",302,
287,author,"Brendan Rowan",303,
288,author,"Trevor Hunnicutt",304,
289,author,"Julia Duperrault",305,
290,author,"John Mering",306,
291,author,"Nik Tyack",308,
292,author,"Rachel Elizabeth Jones",309,
293,author,"Anna Bittman",310,
294,author,"Clay Taylor",311,
295,author,"Mairead Small Staid",312,
296,author,"Dam Helmy",313,
297,author,"Sean Laguna",314,
298,author,"Josh Brewer",315,
299,author,"Alexander Zou",316,
300,author,"Sarah Tuggy",318,
301,author,"Sarah Kinicki",319,
302,author,"Matt Hedley",320,
303,author,"Brett Lingle",321,
304,author,"The Rev",322,
305,author,"Steph Saxton",323,
306,author,"Felicia Palmer",324,
307,author,"Christian Gilbertsen",325,
308,author,"Drew Wescott",327,
309,author,"Claire Yuan",328,
310,author,"Jenessa Irvine",329,
311,author,"Zoe Meyers",317,
312,author,"Sarah Han",182,
313,author,"Jesse Caro",307,
314,author,"Daniel Ross",330,
315,author,"Grant Wu",331,
316,author,"Tina Nguyen",332,
317,author,"Victoria Barton",333,
318,author,"Safford Wolfson",334,
319,author,"Nina Nirema",335,
320,author,"James Muller",336,
321,author,"Brett Erspamer",337,
322,author,"Nicola Lew",338,
323,author,"Joe LaBriola",339,
324,author,"Janessa Irivine",340,
325,author,"Nick Tyack",341,
326,author,"Evelyn Cheung",342,
327,author,"Colleen Salomon",343,
328,author,"Jeanette Charles",344,
329,author,"Luca Rojas",345,
330,author,"Stephanie Saxton",346,
331,author,"Jake Scruggs",347,
332,author,"Nicola Parisi",348,
333,author,"Women's Union Staff",349,
334,author,"Rose Haag",350,
335,author,"Troy Kokkinis",351,
336,author,"Gina Newman",352,
337,author,"Tracy Tieu",353,
338,author,"Sabrina Ruiz",354,
339,author,"Faye Wang",355,
340,author,"Jessica Irvine",357,
341,author,"Chris Sargent",358,
342,author,"Team the Man V",359,
343,author,"QRC Staff",360,
344,author,"Workers For Justice",361,
345,author,"Liz Crumpacker",362,
346,author,"Sumaiya Hashimi",363,
347,author,"Dan Drehmel",364,
348,author,"Vincent Giannotti",365,
349,author,"Charlie Enscoe",366,
350,author,"Jess Zellinger",367,
351,author,"Geoffrey M. Northrop",368,
352,author,"Jack Knauer",369,
353,author,"David Park",370,
354,author,"Jed Cullen",371,
355,author,"Than Volk",372,
356,author,"Cesia Dominguez-Lopez",373,
357,author,"Jeff Zalesin",374,
358,author,"Hannah Shoenhard",375,
359,author,"Viridiana Chabolla",376,
360,author,"Ellie Merle",377,
361,author,"Emma Foehringer Merchant",379,
362,author,"Carla Mokin",380,
363,author,"Abe Cass",381,
364,author,"Phoebe Maddox",382,
365,author,"Paul Balmer",383,
366,author,"Stefan Castellanos",384,
367,author,"Jacob Mo",385,
368,author,"Charlotte Dohrn",386,
369,author,"David Loftus",388,
370,author,"Nick Gebbia",389,
371,author,"Romy-Michelle Unger",390,
372,author,"Garrick Monaghan",391,
373,author,"Kimberley Merrill",392,
374,author,"Tara Krishna",393,
375,author,"Leslie Canter",394,
376,author,Archives,395,
377,author,"Paul Koenig",396,
378,author,"Winona Youngblood",397,
379,author,"Mike Opal",398,
380,author,"Julio Sharp-Wasserman",399,
381,author,???,401,
382,author,"Gerrick Monaghan",402,
383,author,"Pedro Salinas",404,
384,author,"Maya Booth",405,
385,author,"Matt Grodnick",406,
386,author,"Andrew Hong",407,
387,author,"The Student Life Sports",408,
388,author,"The Student Life Managing Editors",409,
389,author,"Jenni Hebein",410,
390,author,"Kyle Roskamp",411,
391,author,"Marnie Hogue",412,
392,author,"Delilah Garcia",413,
393,author,"Glenn McFadden",414,
394,author,"Carly Hite",415,
395,author,"Sam Lind",416,
396,author,"Tender Buttons",417,
397,author,"Ryan Wheeler",418,
398,author,"Advocates for Sexual Assault",419,
399,author,"Zach Mirman",420,
400,author,"Sports Editors",421,
401,author,"Jacob Richey",422,
402,author,"Claire Mullen",423,
403,author,"Jeff Levere",424,
404,author,"Stephanie Liu",425,
405,author,"Michael Weil",426,
406,author,"Gabriela Hybel",427,
407,author,"Emma Malloy",428,
408,author,"Nathan Wilairat",429,
409,author,FP,430,
410,author,"Sports Staff",431,
411,author,"Ryan Miller",432,
412,author,"Elizabeth Kokemoor",433,
413,author,"Ella Schwalb",434,
414,author,"Emma Merchant",435,
415,author,"Mary Padden",436,
416,author,"Mary Callahan",437,
417,author,"Michael Benesch",438,
418,author,"Guy Stevens",439,
419,author,"Lauren Moon",440,
420,author,"Jayci Spivey",441,
421,author,"Jing Jin",442,
422,author,"Brianna Posadas",443,
423,author,"Allen Mitchell",444,
424,author,"Sam Gordon",445,
425,author,"Julie Juarez",446,
426,author,"Dan Helmy",447,
427,author,"Stephan Scinto",448,
428,author,"Stephanie Almeida",449,
429,author,"Sara Kendall",450,
430,author,"Jacob Cohen",451,
431,author,"Arthi Padmanabhan",452,
432,author,"Alex Antonoplis",453,
433,author,"Loren Hinton",454,
434,author,"Becky Loeb",455,
435,author,"Iris Lieuw",456,
436,author,"Tessa Paoli",457,
437,author,"Rachel Bornstein",458,
438,author,"Gabrielle Sclafani",459,
439,author,"Ethan Grossman",245,
440,author,"Tim Reynolds",460,
441,author,"Stephanie Braziel",461,
442,author,"Quinn Lester",462,
443,author,"Sizzlin' Sensations",463,
444,author,"Emma Paine",464,
445,author,"Summer Dowd-Lukesh",465,
446,author,"Aly Monroe",466,
447,author,"Rob McElwaine",467,
448,author,"Rosa Greenberg",468,
449,author,"Meryl Seward",469,
450,author,"Selma Paketci",470,
451,author,"Nick Sundback",471,
452,author,"Daniel Carlton",472,
453,author,"Xiaoyin Qu",473,
454,author,"Noah Stanton ",474,
455,author,"Avery Raimondo",475,
456,author,"Andrew Miller",476,
457,author,"Coleman Lukas ",477,
458,author,"Jonas Kwok",478,
459,author,"Foxy Roxy",479,
460,author,"theory friction practice",480,
461,author,"Foxi Roxi",481,
462,author,"Claudia Crook",482,
463,author,"Rohitashwa Bagaria",403,
464,author,"Gavriella Wolf",483,
465,author,"Lyanne Dominguez",484,
466,author,"Samuel Pang",485,
467,author,"Jenn Wilcox",486,
468,author,"Rollie Thayer",487,
469,author,"David Oxtoby",488,
470,author,"Katie Evans",489,
471,author,"Roger Huddle",490,
472,author,"Nancy Treser-Osgood",491,
473,author,"Garrick Monaghan",492,
474,author,"Nico Schmidt",493,
475,author,"Molly Fassler",494,
476,author,"Diane Northern",495,
477,author,"Chandler Jennings",497,
478,author,"Sarah Appelbaum",498,
479,author,"Mary Raymond",499,
480,author,"kYmberli corprue",500,
481,author,"Clara Shelton",619,
482,author,"Brendan Gillett",496,
483,author,"Shelby Wax",501,
484,author,"Zach Vickland",503,
485,author,"Ava Tunnicliffe",504,
486,author,"Morgan Yucel",505,
487,author,"Jennifer Jia",506,
488,author,"Zoe Jameson",507,
489,author,"Audrey Glaser",508,
490,author,"Irene Hsiung",509,
491,author,"Madeleine McClintic",510,
492,author,"Emily Wasserman",511,
493,author,"Jenny Heyside",512,
494,author,"Warren Lee",513,
495,author,"Rachel Davidson",514,
496,author,"Emma Zang-Schwartz",515,
497,author,"Kulsum Ebrahim",516,
499,author,"Cole Clark",518,
500,author,"Chelsea Thompson",519,
501,author,"Hannah Li",520,
502,author,"Daniel Choi",521,
503,author,"Julia Comnes",523,
504,author,"Daniel Gonzalez",524,
505,author,"Brad Richardson",525,
506,author,"Cecilia Hollenhorst",526,
507,author,"James Waller",527,
508,author,"Claire Brickson",528,
509,author,"Emma Wolfarth",529,
510,editor,"Caroline Bowman",522,185
511,editor,"Saahil Desai",530,62
512,author,"Tasty Temptations",531,
513,author,"Oliver Shirley",532,
514,author,"Kailas Menon",533,
515,author,"Aidan Orly",534,
516,author,"Catherine Chiang",535,
517,author,"Shayna Citrenbaum",536,
518,author,"Casey Breen",537,
519,author,"David Kolin",538,
520,author,"Camille Robins",539,
521,author,"Cleo Spencer",540,
522,author,"Caroline Ebinger",541,
523,author,_,542,
524,author,"Aliza Lalji",544,
525,author,"Carrie Latimer",545,
526,author,"Tamara Savage",546,
527,author,"Cecilia Conrad",547,
528,author,"Leyth Swidan",548,
529,author,"Ian Gallogly",326,
530,author,"Catherine Snell",549,
531,author,"Claudia Crook",550,
532,author,"Mauricio Navarro",551,
533,author,"Jesse Pollak",552,
534,author,"Andrew Hong",553,
535,author,"Wallace Meyer",554,
536,author,"Kim Head",555,
537,author,"Kenny Moran",556,
538,author,"Adam Horowitz",557,
539,author,"Erika Carlson",558,
540,author,"Eileen Chen",559,
541,author,"Alexis Takahashi",560,
542,author,"Sophie Wang",561,
543,author,"Emi Young",562,
544,author,"Hannah Yung",563,
545,author,"Karl Kumbier",564,
546,author,"Karl Kumbier",565,
547,author,"Robert Chew",566,
548,author,"Mary Kamitaki",567,
549,author,"Joanmarie Del Vecchio",568,
550,author,"Claire Ruberman",569,
551,author,"Benjamin Bleiberg",571,
552,author,"Thomas Mosher",572,
553,author,"Claire Dickey",573,
554,author,"Stassja Sichko",574,
555,author,"Tasha Block",575,
556,author,"Jennifer Schmidt",576,
557,author,"Jose Ruiz",577,
558,author,"Arianna Sanchez",578,
559,author,"Mariah Tso",579,
560,author,"Laura Haynes",580,
561,author,"Jenna Perelman",581,
562,author,"Rachel Keyser",582,
563,author,"Charmaine Garzon",583,
564,author,"Sean McCoy",584,
565,author,"Margaret Munts",585,
566,author,"Shannon Lubetich",586,
567,author,"Alistair Thompson",587,
568,author,"Abe Mckay",588,
569,author,"Gage Taylor",589,110
570,author,"Clare Anderson",590,
571,author,"Cortney Anderson",591,
572,author,"Carlos Ballesteros",592,
573,author,"Tippy Maple",593,
574,author,"Richard Hazlett",594,
575,author,"Anissa Joonas",595,
576,author,"Camille Goering",596,
577,author,"Niyati Shenoy",597,
578,author,"Will Cafritz",598,
579,author,"Christian Torres",599,
580,author,"Warren Szewczyk",600,
581,author,"Char Miller",601,
582,author,"John Jurewitz",602,
583,author,"Paul Steinberg",603,
584,author,"Heather Byrne",604,
585,author,"Kai Orans",605,
586,author,"Mariah Barber",606,
587,author,"Patrick Pelegri-O'Day",607,
588,author,"Zo Jameson",608,
589,author,"Ben Kersten",609,
590,author,"Sonia Mehrmand",610,
591,author,"Nicholas Clute-Reinig",611,
592,author,"Caitlin Plefka",612,
593,author,"Liza Fletcher",613,
594,author,"Nicholas Sundback ",614,
595,author,"Stuart Gano",615,
596,author,"Jonah Breslau",616,
597,author,"Fred Siegel",617,
598,author,"William Tachau",618,
599,author,"Amanda Coba",620,
600,author,"Jim Marchant",621,
601,author,"Verlyn Klinkenborg",622,
602,author,"Zak Silverman",623,
603,author,"Daren Mooko",624,
604,author,"Chris Waugh",625,
605,author,"Kaya LeGrand",570,
606,author,"Sehr Taneja",626,
607,author,"Sophie Forman",400,
608,author,"Anna Petkovich",627,
609,author,"Ilaria Cazziol",628,
610,author,"Ali Marks",629,
611,author,"Kira Wyld",631,
612,author,"Ian Dangla",632,
613,author,"Chase Pope",633,
614,author,"John Verticchio",634,
615,author,"Isabella Levin",635,
616,author,"Jazmin Ocampo",636,
617,author,"Thalia Rossitter",637,
618,author,"Scott Panek",638,
619,author,"Aleena Ali",639,
620,author,"Elika Nassirinia",640,
621,author,"Alexandra Holterman ",641,
622,author,"Anthony Bald ",642,
623,author,ignore,630,
624,author,"Latina Vidolova",543,
625,author,"Christina Tong",643,
626,author,"Vivan Marwaha",644,
627,author,"Diane Lee",645,
629,author,"Lina Pan",647,
630,author,"Nicholas Reminder",648,
631,author,"Bianca Cockrell",649,
632,author,"Saad Nadeem",650,
633,author,"Nachi baru",651,
634,author,"Nachi Baru",652,85
635,author,"Frisky C. Kinks",653,
636,author,"Beth Hansen",654,
637,author,"Rose Martin",655,
638,author,"Kevin Dettmar",656,
639,author,"Joel Kirk",657,
640,author,"Cole Clark",658,
641,author,ASPC,659,
642,author,"Aleena Ali",660,
643,author,"Han Jia",661,
644,author,"Dan Brown",662,
645,author,"Natalie Honan",663,
646,author,"Maia Welbel",664,
647,author,"Joey Krug",665,
648,author,"Julia Malye",666,
649,author,"Keeghan Lavin",667,
650,author,"Ellie Gardner",502,
651,author,"C. Frisky",668,
652,author,"Orren Arad-Neeman",669,
653,author,"Sana Kadri",670,117
654,author,"Emily Areta",671,
655,author,"Renata Gerecke",672,
656,author,"Abigail MacCumber",673,
657,author,"Pomona College Advocates for Survivors of Sexual Assault",674,
658,author,"Michael Clausen",675,
659,author,"Rishi Sangani",676,
661,author,"Michael Clausen",678,
662,author,"Aly Minamide",679,
663,author,"Sydney Scott",680,
664,editor,"Sam McLaughlin",681,40
665,author,"Margaret Bonaparte",682,
666,author,"Andrew E. Busch",683,
667,author,"Joseph Reynolds",684,
668,author,"Sam Trachtman",685,
669,author,"Renan Greca",686,
670,author,"A Pomona Alumn",687,
671,author,"Jessica Pea",688,
672,author,"Adrien Redford",689,
673,author,"Emily Chittick",690,
674,author,"Staff Report",691,
675,author,"Samantha Stilson",692,
676,author,"Samantha Stilson",693,
677,author,"Emily Shon",694,
678,author,"Ismerai Rodriguez",695,
679,author,"Maggie Liu",696,
680,author,"Miranda Fox",697,
681,author,"Sage Lachman",698,
682,author,"Zuzana Vuova",699,
683,author,"Hannah Lea Doruelo",700,
684,author,nope,701,
685,author,"Danica Harootian",702,
686,author,"Lance Neckar",703,
687,author,"Lance Neckar",704,
688,author,"Calvin Leung",705,
689,author,"Wesley Quevedo",706,
690,author,"Tara Krishna",707,
691,author,"Jamie Garcia",708,
692,author,"Ben Hackenberger",709,
693,author,"Elizabeth Yaffe",710,
694,author,"Elliott Hamilton",713,
695,author,"Jordan Greene",714,
696,author,"Xiaoyang Qian",715,
697,author,"Ben Shand",716,
698,author,"Tara Miller",717,
699,author,"Noah Lassiter",718,
700,author,"Mayowa Ige",719,
701,author,"Claire Brown",720,
702,author,"Johanna Rayl",721,
703,author,"Claremont Colleges Fossil Fuel Divestment Campaign",722,
704,author,"Julia Thomas",723,
705,author,"Sharon Ha",724,
706,author,"Ben Brasch",725,
707,author,"Riel Bellow",726,
708,author,"Khyle Eastin",727,
709,author,"Mitchell Marmon",728,
710,author,"Sadie Renjilian",729,
711,author,"Shayna Citrenbaum",730,
712,author,"Caroline Hays",731,
713,author,"Esther Cheung",732,
714,author,"Theresa Wong",733,
715,author,"Griffin Ferre",734,165
716,author,"Nickelle Raschick",735,
717,author,"Kris Brackmann",736,
718,author,"Marley Reifert",737,
719,author,"Jackson Rafter",738,
720,author,"Nathan Franklin",739,
721,author,"Chance Kawar",740,
722,author,"Natalie Honan",741,
723,author,"Kate Dolgenos",742,
724,author,"Julia Thomas",743,
725,author,"Alec Long",744,
726,author,"Prianca Pai",745,
727,author,"Humpfree Blowhard ",746,
728,author,"Helen Jun",747,
729,author,"Anna Nichols",748,
730,author,"John Montesi",749,
732,author,"Julia Austenfeld",751,
733,author,"Andrea Hellebust",752,
734,author,"Anthony Perna",753,
735,author,"Ellie McElvain",754,
736,author,"Kelli Kokame",755,
737,author,"Clancy Tripp",756,
738,author,"Sana Khan",757,
739,author,"Bennett Sorensen",758,
740,author,"Mariah Tso",759,
741,author,"Ashley Land",760,160
742,author,"Jenna Archer",761,
743,author,"Elizabeth Schofield",762,
744,author,"Molly Hickey",763,
745,author,"Adin Bonapart",764,188
746,author,"Madeline McGaughey",765,
747,author,"Meagan Tokunaga",766,
748,author,"Scripps Coalition Against More",767,
749,author,"Adin BenPorat",768,
750,author,"Call to Action",769,
751,author,"Coalition on Racial Climate at the Claremont Colleges",770,
752,author,"Ryan Higgins",771,
753,author,"Sameer Rana",772,
754,author,"Hannah Pinkham",773,
755,author,"Harry Manin",774,
756,author,"Iris Nevins",775,
757,author,"Benjamin Baker",776,
758,author,"Caitlin Plefka",777,
759,author,"Alex Samuels",778,
760,author,"Christopher Fifty",779,
761,author,"Dulce Cabrales",780,
762,author,"Dulce Cabrales-Cid",781,
763,author,"Marsha Maddeness",782,
764,author,"Athena Stagopolous",783,
765,author,"Vance Legstrong",784,
766,author,"Ima Kneehelp",785,
767,author,"Frank Abaganle",786,
768,author,"Caroline Miller",787,
769,author,"Marylou J. Ferry",788,
770,author,"Yi Li",790,
771,author,"Benjamin Kersten",791,
772,author,"Tina Linker",792,
773,author,"Robin Xu",793,
774,author,"Hannah Swan ",794,
775,author,"Emily Morris",795,
776,author,"Edith McLitoris ",796,
777,author,"Emily Hill",797,
778,author,"Sharon Rosen",798,
779,author,ignore,789,
780,author,ignore,712,
781,author,ignore,711,
782,author,"Natalie Green",799,
783,author,"Grant Steele",800,
784,author,"Kristen Brackmann",801,
785,author,"Aiman Chaudhary",802,
786,author,"Sawyer Henshaw",803,
787,author,"Chabrina Bruno",804,
788,author,"Connie Lingus",805,
789,author,"Phoebe Kaufman",806,
790,author,"Lexi Harder",807,
791,author,"Catherine Mosier-Mills",808,
792,author,"Melissa Marroquin",809,
793,author,"Will Howard",810,
794,author,"Liz Delaney",811,
795,author,"Grant Steele",812,
796,author,"Liat Kaplan",813,
797,author,"Dominique Curtis",814,
798,author,"Conner Bouchard-Roberts",815,
799,author,"Fenjamin Lores",816,
800,author,"Erin Matheson",817,
801,author,"Ethan Fukuto",818,
803,author,"Diana Avellaneda",820,
804,author,"Sean Gunther",821,
805,author,"Valerie Taylor",822,
806,author,"Matthew Reale-Hatem",823,
807,author,"DeDe Curtis",824,
808,author,"Emma Tasini-Koger",825,
809,author,"Jaira Koh",826,
810,author,"Emily Wasserman",827,
811,author,"April Xiaoyi Xu",828,
812,author,"Zack Bern",829,
813,author,"Sydney Sibelius",830,
814,author,"Jamie Curran",831,
815,author,"Devon Fox",832,
816,author,"Pablo Ordonez",833,
817,author,"Chloe Soltis",834,
818,author,"Shravni Ramkumar",835,
819,author,"Aaron Varner",836,
820,author,"Benjamin Waldman",837,
821,author,"Samuel Pitcavage",838,
822,author,"Samuel Breslow",839,67
823,author,"Gervais Marsh",840,
824,author,"Lauren Bollinger",841,
825,author,"Rebecca Boorstin",842,
826,author,"Christopher Eskilson",843,
827,author,"Riki Robertson",844,
828,editor,"Christopher Eskilson",845,36
829,author,"William Schumacher",846,
830,author,"Misha Nathani",847,
831,author,"Mariel Dunietz",849,
832,author,"Melissa Grueter",850,
833,author,"West Lalanne",848,
834,author,"Daniel Segal",851,
835,author,"Arun Iyer",852,
836,author,"Kate Hoey",853,
837,author,"Riley Mang",854,
838,author,"Jason Kan",855,
839,author,"Rachel Lang",856,
840,author,"Emma Geisler",857,
841,author,"Sung Koo",858,
842,author,"Teagan Stewart",859,
843,author,"Max Aguero",860,
844,author,"Graham McMillan",861,
845,author,"John Jurewitz2",862,
846,author,"Ben Bleiberg",863,
847,author,"Sam Widdicombe",864,
848,author,"Andy Winnick",865,
849,author,"Shoshana Arunasalam",866,
850,author,"Azmi Haroun",867,
851,author,"Tara Miller",868,
852,author,"Ki'Amber Thompson",869,
853,author,"Minah Choi",870,
854,author,"Francesca Jimenez",871,
855,author,"Calum McCarty",872,
856,author,"Calum McCarty",873,
857,author,"Krazy K",874,
858,author,"Tanvi Bhargava",875,
859,author,"Michael Irvine",876,
860,author,"Sesa Bakenra-Tikande",877,
861,author,"Carlos Perrett",878,
862,author,"Diana Prince",879,
863,author,"Sabra Stratton",880,
864,author,"Beshouy Botros",881,
865,author,"Adam Revello",882,96
866,author,"Flora Field",883,
867,author,"Maria Rodriguez",884,
868,author,"Milly Fotso",885,
869,author,"Taylor Lemmons",886,
870,author,"Meg Zukin",887,
871,author,"Alex Frak",888,
872,editor,"Carlisle Micallef",889,51
873,author,"Ellelan Degife",890,
874,author,"Dalton Martin",891,
875,author,"Will Latta",892,
876,author,Heracles,893,
877,author,"Jiwon Lee",894,
878,editor,"Caroline Willian",895,61
879,author,"Suyash Sharma",896,
880,author,"Trevor Pontifex",897,
881,author,"Kate Dolgenos",898,
882,author,"Rose Conlon",899,
883,author,"Gina Han",900,
884,author,"Cai Glencross",901,
885,author,"Ben Levy",902,
886,author,"Emily Freilich",903,
887,author,"Alex Fraknoi",904,
888,author,"Alex Tomback",905,
889,author,"Isabel Wade",906,
890,author,"Taylor Lemmons",907,
891,author,"Leyth Swidan",908,
892,author,"Paola Reyes",909,
893,author,"Julian Jacobs",910,
894,author,"Nancy Williams",911,
895,author,"Michael Saffron",912,
896,author,"Juan Perez",913,
897,author,"Della Anjeh",914,
898,author,"Jonathan Song",915,
899,author,"Kulu Maphalala",916,
900,author,"Mary Margaret Groves",917,
901,author,"J. Camilo Vilaseca",918,147
902,author,"TIXC Leadership",919,
903,author,"Iris Brown",920,
904,author,"Jacquelyn Zehner",921,
905,author,"Mary Hatcher-Skeers",922,
906,author,"Lauren Mounts",923,
907,author,"Jacquelyn Zehner",924,
908,author,"Ariel Leavitt",925,
909,author,"Devin Cavero",926,
910,author,"Ayana Kelly",927,
911,author,"Buddy Burch",928,
912,author,"Wanda Dick",929,
913,author,"Alex Cushman",930,
914,author,"Ronald L. Fleming",931,
915,author,"Brandon Orozco",932,
916,author,"Ronald Fleming",933,
917,author,"Sarah Robertson",934,
918,author,"Ritika Rao",935,
919,author,"Denys Reyes",936,
920,author,"Ashley Martin",937,
921,author,"Aaron Sege",938,
922,author,"Emily Hall ",939,
923,author,"Pablo Ordez",940,
924,author,"Rachel Jackson",941,
925,editor,"Alexa Strabuk",942,178
926,author,"Senan Hogan Hennessey",943,
927,author,"Dan Solomon",944,
928,author,"Connie Stoppel Leas",945,
929,author,"Eliza Burke",946,
930,author,"Azmi Haroun",947,
931,author,"Nicolas Tourani",948,
932,author,"Isaac Harris",949,
933,author,"Meagan Tokunaga",950,
934,author,"Raunak Sainani",951,
935,author,"Rachael Hamilton",952,
936,author,"Sasha Karapetrova",953,
937,author,"Amanda Loh",954,
938,author,"Ralph Bolton",955,
939,author,"Dylan Arya",956,
940,author,"Jenny Taylia",957,
941,author,"Meteor Li",958,
942,author,"Rachael Hamilton",959,
943,author,"Aleksandra Karapetrova",960,
944,author,"Zachary Brown",961,
945,author,"Sarah McConville",962,
946,author,"Milt Wilson",963,
947,author,"Dean Lozano",964,
948,author,"Jordan Wilson",965,
949,author,"Julia Hoyt",966,
950,author,"Milt Wilson",967,
951,author,"Sarah McConville",968,
952,author,"Sumesh Shiwakoty",969,
953,author,"Zachary Brown",970,
954,author,"Fernando Lozano",971,
955,author,"David Menefee-Libey",972,
956,author,"David Tanenbaum",973,
957,author,"Vinay Srinivasan",974,
958,author,"Vinay Srinivasan",975,
959,author,"Hugo Ho",976,
960,author,"Yenli Wong",977,
961,author,"Eamon Hoffman ",978,
962,web_developer,kshikama,,1
963,web_developer,zxiong,,2
964,web_developer,vlatina,,3
965,chief_editor,"Kevin Tidmarsh",,4
966,web_developer,"Jessica Wang",,5
967,graphic_designer,"Monica  Acosta",,8
968,graphic_designer,"Meghna Gupta",,9
970,editor,"Chloe An",,11
971,author,"Rhian Moore",,13
973,editor,"Aurora Zhang",,16
974,editor,"Mattie Toll",,17
978,guest,"Magic Bunny",,23
979,photographer,"Time Goodbye",,25
980,graphic_designer,"Elizabeth Leader",,28
981,editor,"Diane Lee",,29
982,editor,"Spencer Hamersmith",,31
983,editor,"Read Rydberg",,32
984,editor,"Arden Hu",,33
985,editor,"Hannah Lippard",,37
986,editor,"Ashley Leader",,38
987,editor,"Lauren Ison",,39
994,editor,"Timothy Hernandez",,48
995,editor,"Benji Lu",,50
996,editor,"Sean Cremin",,52
998,author,"Victoria Anders",,54
999,author,"Natasha Anis",,55
1000,author,"Helena Shannon",,56
1001,author,"Sasha Rivera",,57
1002,author,"Amina Abdu",,58
1003,editor,"Griffin Ferre",,59
1004,editor,"Alexa  Strabuk",,60
1005,photographer,"Liam Brooks",,63
1006,photographer,"Abby Gold",,64
1007,guest,"Morgan Albrecht ",,65
1008,guest,"Eisen Ipac",,66
1009,graphic_designer,"Yixuan Shi",,68
1010,author,"Ian Descamps",,69
1011,editor,"Alex Smith",,70
1012,guest,"Sean Ogami",,71
1013,author,"Jahnavi Kocha",,72
1014,editor,"Konnie Guo",,73
1015,author,"Natalie Quek",,74
1016,photographer,"Lucas Carmel",,75
1017,author,"Heidi Artigue",,76
1018,graphic_designer,"Sarah Horder",,77
1019,guest,"Emily Petillon",,78
1020,photographer,"Jessica Phan",,79
1021,author,"Paige Pepitone",,80
1022,author,"Danielle Dominguez",,81
1023,author,"Candice Wang",,82
1024,guest,"Sophie Rader",,83
1025,photographer,"Abdullah Shahid",,84
1026,author,"Megan Fosha",,86
1027,author,"Francesca Capossela",,87
1028,graphic_designer,"Phoebe Shum",,88
1029,graphic_designer,"Vivienne Shi",,89
1030,guest,"Mary Jane Coppock",,90
1031,guest,"Sarah Horder",,91
1032,guest,"Ted2 Davis",,92
1033,guest,"Audrey Jang",,93
1034,guest,"Sophie Reingold",,94
1035,author,"Gregory Ochiagha",,95
1036,author,"Gigi Gedye",,97
1037,author,"Elizabeth Lee",,98
1038,guest,"Rosalind Faulkner",,99
1039,guest,"Tom Schumann",,100
1040,author,"Joaquin Banuelos",,101
1042,guest,"Matt Dahl",,103
1043,author,"Emma Houston",,104
1044,guest,"Kay Garlick-Ott",,105
1045,author,"Justina Wu",,106
1046,photographer,"Lauren Su",,107
1047,photographer,"Morgan Albrecht",,108
1048,author,"Harini Salgado",,109
1049,photographer,"Clarise Lee",,111
1050,author,"Gregory Ochiagha",,112
1051,guest,"Siyoung Hwang",,113
1052,author,"Kendrick Morris",,114
1053,editor,"Carlisle Micallef",,115
1054,guest,"Sabrina Wilk",,116
1055,author,"Justina Wu",,118
1056,author,"Emily Petillon",,119
1057,author,"Paige Pepitone",,120
1058,author,"Muhammad Chaudry",,121
1059,author,"Adrian  Hui",,122
1060,author,"Mike Hu",,123
1061,photographer,"Connor Bloom",,124
1062,photographer,"Will Gotsegen",,125
1063,photographer,"Liam Brooks",,126
1064,photographer,"Lucas Carmel",,127
1065,photographer,"wesley Liang",,128
1066,photographer,"Clarise Lee",,129
1067,photographer,"Lauren Su",,130
1068,photographer,"Abdullah Shahid",,131
1069,photographer,"Haley Land-Miller",,132
1070,photographer,"Eisen Ipac",,133
1071,photographer,"Morgan Albrecht",,134
1072,photographer,"Frances  Hung",,135
1073,photographer,"Wesley Liang",,136
1074,photographer,"Sarah Grazel-Ward",,137
1075,graphic_designer,"Sophie Horder",,138
1076,author,"Celia Eydeland",,139
1077,author,"Natasha Anis",,140
1078,editor,"Dominic Frempong",,141
1079,guest,"Alison Hong",,142
1080,photographer,"Abby Onderwyzer-Gold",,143
1081,photographer,"RaSia Khepra",,144
1082,author,"Casey Goodwin",,145
1083,author,"Daniel Ludlam",,146
1084,guest,"Amazing Al",,148
1085,author,"Bailey Lai",,149
1086,author,"Laura Reifsnyder",,150
1087,guest,"Benjamin Cohen",,151
1088,author,"Kole Farrise",,152
1089,author,"Austin  Prather",,153
1090,author,"Mike  Hwang",,154
1091,author,"Sean Hwang",,155
1092,photographer,"Will Gottsegen",,156
1093,author,"Anita Bohn",,157
1094,author,"Katie Baughman",,158
1095,author,"Nicole Larson",,159
1096,guest,"Brennan MacKay",,161
1097,guest,"Alley  Bellack",,162
1098,graphic_designer,"Camille Sanchez",,163
1099,guest,"Lisette Espinosa",,164
1100,editor,"Grace Richey",,166
1101,editor,"Shannon Herbst",,167
1102,guest,"Sara-Rose Bockian",,168
1103,guest,"Libbie Wilcox",,169
1104,guest,"Ellena Basada",,170
1105,author,"Kent Shikama",,171
1106,graphic_designer,"Anikka Sophia Villegas",,172
1107,guest,"Natalie Bentley",,173
1108,author,"Anu Anand",,174
1109,author,"Elizabeth Godbey",,175
1110,author,"Anita Mathias",,176
1111,author,"Anu Anand",,177
1112,author,"Victor de Fontnouvelle",,179
1113,guest,"Selena Spier",,180
1114,guest,"Scripps  Marketing and Communications",,181
1115,guest,"Aseem Chipalkatti",,182
1116,guest,"Jade  Taylor",,183
1117,guest,"Jade Taylor",,184
1118,photographer,"Jessica  Eu",,186
1119,guest,"Davis  Gold ",,187
1120,guest,"Paula Reyes Daza",,189
1121,guest,"Penny Tracion",,190
1122,guest,"Leah Mathias",,191
1123,guest,"Melissa Petito",,192
1124,guest,"Leah Enelow",,193
1125,guest,"Carol Ann  Routh",,194
1126,guest,"Tommy Erb",,195
1127,guest,"Jack Carroll",,196
